YEARMONTH,store_86_sales,store_10_scaled
201807,892.20,849.719200
201808,710.85,837.001990
201809,914.60,900.207000
201810,948.40,867.628080
201811,877.80,843.051000
201812,841.20,892.205160
201901,841.40,836.954360
201902,822.20,812.567800
201903,1004.00,821.141200
201904,832.00,710.830120
201905,889.30,725.928830
201906,838.00,716.736240
