YEARMONTH,store_88_sales,store_56_scaled
201807,663.80,581.572660
201808,553.60,547.002450
201809,593.40,595.711100
201810,664.80,751.751200
201811,705.00,615.539400
201812,546.40,692.093880
201901,614.40,557.778700
201902,801.00,540.191860
201903,633.00,602.952740
201904,554.60,657.437460
201905,568.00,580.753665
201906,699.00,512.863290
