YEARMONTH,store_77_sales,store_53_scaled
201807,272.30,230.765160
201808,255.50,256.171420
201809,206.20,188.789600
201810,204.50,239.903380
201811,207.60,224.739960
201812,267.30,303.870920
201901,204.40,173.626180
201902,235.00,179.852220
201903,278.50,226.748360
201904,263.50,228.756760
201905,299.30,273.493870
201906,234.60,199.735380
